file,Actual,Predicted,Is-True
./test_imgs/Signature/07_041.png,Signature,Signature,True
./test_imgs/Signature/09_068.png,Signature,Signature,True
./test_imgs/Signature/015_05.PNG,Signature,Signature,True
./test_imgs/Signature/009_11.PNG,Signature,Signature,True
./test_imgs/Signature/015_20.PNG,Signature,Signature,True
./test_imgs/Signature/10_065.png,Signature,Signature,True
./test_imgs/Signature/12_060.png,Signature,Signature,True
./test_imgs/Signature/016_03.PNG,Signature,Signature,True
./test_imgs/Signature/09_069.png,Signature,Signature,True
./test_imgs/Signature/08_030.png,Signature,Signature,True
./test_imgs/Signature/015_22.PNG,Signature,Signature,True
./test_imgs/Signature/014_24.PNG,Signature,Signature,True
./test_imgs/Signature/11_021.png,Signature,Signature,True
./test_imgs/Signature/12_051.png,Signature,Signature,True
./test_imgs/Signature/015_23.PNG,Signature,Signature,True
./test_imgs/Signature/07_065.png,Signature,Signature,True
./test_imgs/Signature/016_23.PNG,Signature,Signature,True
./test_imgs/Signature/08_065.png,Signature,Signature,True
./test_imgs/Signature/10_052.png,Signature,Signature,True
./test_imgs/Signature/11_047.png,Signature,Signature,True
./test_imgs/Signature/07_038.png,Signature,Signature,True
./test_imgs/Signature/08_062.png,Signature,Signature,True
./test_imgs/Signature/09_019.png,Signature,Signature,True
./test_imgs/Signature/016_04.PNG,Signature,Signature,True
./test_imgs/Signature/10_041.png,Signature,Signature,True
./test_imgs/Signature/014_01.PNG,Signature,Signature,True
./test_imgs/Signature/08_034.png,Signature,Signature,True
./test_imgs/Signature/08_023.png,Signature,Signature,True
./test_imgs/Signature/10_068.png,Signature,Signature,True
./test_imgs/Signature/11_066.png,Signature,Signature,True
./test_imgs/Signature/07_062.png,Signature,Signature,True
./test_imgs/Signature/07_057.png,Signature,Signature,True
./test_imgs/Signature/009_17.PNG,Signature,Signature,True
./test_imgs/Signature/015_04.PNG,Signature,Signature,True
./test_imgs/Signature/012_09.PNG,Signature,Signature,True
./test_imgs/Signature/12_019.png,Signature,Signature,True
./test_imgs/Signature/016_01.PNG,Signature,Signature,True
./test_imgs/Signature/014_10.PNG,Signature,Signature,True
./test_imgs/Signature/015_11.PNG,Signature,Signature,True
./test_imgs/Signature/012_21.PNG,Signature,Signature,True
./test_imgs/Signature/015_02.PNG,Signature,Signature,True
./test_imgs/Signature/12_039.png,Signature,Signature,True
./test_imgs/Signature/11_036.png,Signature,Signature,True
./test_imgs/Signature/08_061.png,Signature,Signature,True
./test_imgs/Signature/12_041.png,Signature,Signature,True
./test_imgs/Signature/11_058.png,Signature,Signature,True
./test_imgs/Signature/10_038.png,Signature,Signature,True
./test_imgs/Signature/015_24.PNG,Signature,Signature,True
./test_imgs/Signature/012_17.PNG,Signature,Signature,True
./test_imgs/Signature/12_066.png,Signature,Signature,True
./test_imgs/Signature/08_048.png,Signature,Signature,True
./test_imgs/Signature/12_042.png,Signature,Signature,True
./test_imgs/Signature/08_027.png,Signature,Signature,True
./test_imgs/Signature/10_058.png,Signature,Signature,True
./test_imgs/Signature/12_055.png,Signature,Signature,True
./test_imgs/Signature/10_018.png,Signature,Signature,True
./test_imgs/Signature/009_10.PNG,Signature,Signature,True
./test_imgs/Signature/11_044.png,Signature,Signature,True
./test_imgs/Signature/08_056.png,Signature,Signature,True
./test_imgs/Signature/012_10.PNG,Signature,Signature,True
./test_imgs/Signature/12_028.png,Signature,Signature,True
./test_imgs/Signature/10_027.png,Signature,Signature,True
./test_imgs/Signature/11_028.png,Signature,Signature,True
./test_imgs/Signature/09_031.png,Signature,Signature,True
./test_imgs/Signature/012_07.PNG,Signature,Signature,True
./test_imgs/Signature/11_055.png,Signature,Signature,True
./test_imgs/Signature/12_021.png,Signature,Signature,True
./test_imgs/Signature/08_049.png,Signature,Signature,True
./test_imgs/Signature/07_045.png,Signature,Signature,True
./test_imgs/Signature/11_024.png,Signature,Signature,True
./test_imgs/Signature/12_059.png,Signature,Signature,True
./test_imgs/Signature/12_064.png,Signature,Signature,True
./test_imgs/Signature/09_046.png,Signature,Signature,True
./test_imgs/Signature/07_030.png,Signature,Signature,True
./test_imgs/Signature/07_034.png,Signature,Signature,True
./test_imgs/Signature/12_025.png,Signature,Signature,True
./test_imgs/Signature/10_053.png,Signature,Signature,True
./test_imgs/Signature/08_053.png,Signature,Signature,True
./test_imgs/Signature/014_05.PNG,Signature,Signature,True
./test_imgs/Signature/07_027.png,Signature,Signature,True
./test_imgs/Signature/07_064.png,Signature,Signature,True
./test_imgs/Signature/11_068.png,Signature,Signature,True
./test_imgs/Signature/016_02.PNG,Signature,Signature,True
./test_imgs/Signature/10_062.png,Signature,Signature,True
./test_imgs/Signature/09_037.png,Signature,Signature,True
./test_imgs/Signature/10_054.png,Signature,Signature,True
./test_imgs/Signature/11_026.png,Signature,Signature,True
./test_imgs/Signature/img.png,Signature,No_Signature,False
./test_imgs/Signature/10_056.png,Signature,Signature,True
./test_imgs/Signature/09_030.png,Signature,Signature,True
./test_imgs/Signature/009_12.PNG,Signature,Signature,True
./test_imgs/Signature/12_054.png,Signature,Signature,True
./test_imgs/Signature/014_15.PNG,Signature,Signature,True
./test_imgs/Signature/12_020.png,Signature,Signature,True
./test_imgs/Signature/012_18.PNG,Signature,Signature,True
./test_imgs/Signature/016_17.PNG,Signature,Signature,True
./test_imgs/Signature/09_044.png,Signature,Signature,True
./test_imgs/Signature/012_20.PNG,Signature,Signature,True
./test_imgs/Signature/10_059.png,Signature,Signature,True
./test_imgs/Signature/012_12.PNG,Signature,Signature,True
./test_imgs/Signature/08_054.png,Signature,Signature,True
./test_imgs/Signature/016_16.PNG,Signature,Signature,True
./test_imgs/Signature/10_055.png,Signature,Signature,True
./test_imgs/Signature/11_037.png,Signature,Signature,True
./test_imgs/Signature/07_056.png,Signature,Signature,True
./test_imgs/Signature/10_044.png,Signature,Signature,True
./test_imgs/Signature/11_057.png,Signature,Signature,True
./test_imgs/Signature/08_052.png,Signature,Signature,True
./test_imgs/Signature/012_15.PNG,Signature,Signature,True
./test_imgs/Signature/016_11.PNG,Signature,Signature,True
./test_imgs/Signature/08_029.png,Signature,Signature,True
./test_imgs/Signature/009_21.PNG,Signature,Signature,True
./test_imgs/Signature/12_063.png,Signature,Signature,True
./test_imgs/Signature/014_13.PNG,Signature,Signature,True
./test_imgs/Signature/11_046.png,Signature,Signature,True
./test_imgs/Signature/08_066.png,Signature,Signature,True
./test_imgs/Signature/12_034.png,Signature,Signature,True
./test_imgs/Signature/11_040.png,Signature,Signature,True
./test_imgs/Signature/11_043.png,Signature,Signature,True
./test_imgs/Signature/08_069.png,Signature,Signature,True
./test_imgs/Signature/016_15.PNG,Signature,Signature,True
./test_imgs/Signature/08_018.png,Signature,Signature,True
./test_imgs/Signature/10_057.png,Signature,Signature,True
./test_imgs/Signature/10_046.png,Signature,Signature,True
./test_imgs/Signature/12_049.png,Signature,Signature,True
./test_imgs/Signature/07_032.png,Signature,Signature,True
./test_imgs/Signature/11_067.png,Signature,Signature,True
./test_imgs/Signature/08_024.png,Signature,Signature,True
./test_imgs/Signature/11_059.png,Signature,Signature,True
./test_imgs/Signature/07_031.png,Signature,Signature,True
./test_imgs/Signature/012_02.PNG,Signature,Signature,True
./test_imgs/Signature/07_053.png,Signature,Signature,True
./test_imgs/Signature/08_044.png,Signature,Signature,True
./test_imgs/Signature/12_069.png,Signature,Signature,True
./test_imgs/Signature/07_033.png,Signature,Signature,True
./test_imgs/Signature/12_056.png,Signature,Signature,True
./test_imgs/Signature/10_043.png,Signature,Signature,True
./test_imgs/Signature/12_018.png,Signature,Signature,True
./test_imgs/Signature/08_032.png,Signature,Signature,True
./test_imgs/Signature/12_047.png,Signature,Signature,True
./test_imgs/Signature/015_19.PNG,Signature,Signature,True
./test_imgs/Signature/015_16.PNG,Signature,Signature,True
./test_imgs/Signature/07_069.png,Signature,Signature,True
./test_imgs/Signature/11_017.png,Signature,Signature,True
./test_imgs/Signature/10_050.png,Signature,Signature,True
./test_imgs/Signature/08_067.png,Signature,Signature,True
./test_imgs/Signature/10_061.png,Signature,Signature,True
./test_imgs/Signature/07_036.png,Signature,Signature,True
./test_imgs/Signature/014_19.PNG,Signature,Signature,True
./test_imgs/Signature/07_023.png,Signature,Signature,True
./test_imgs/Signature/009_05.PNG,Signature,Signature,True
./test_imgs/Signature/11_063.png,Signature,Signature,True
./test_imgs/Signature/10_049.png,Signature,Signature,True
./test_imgs/Signature/08_033.png,Signature,Signature,True
./test_imgs/Signature/016_22.PNG,Signature,Signature,True
./test_imgs/Signature/11_052.png,Signature,Signature,True
./test_imgs/Signature/014_12.PNG,Signature,Signature,True
./test_imgs/Signature/009_22.PNG,Signature,Signature,True
./test_imgs/Signature/11_031.png,Signature,Signature,True
./test_imgs/Signature/09_038.png,Signature,Signature,True
./test_imgs/Signature/07_054.png,Signature,Signature,True
./test_imgs/Signature/07_061.png,Signature,Signature,True
./test_imgs/Signature/07_055.png,Signature,Signature,True
./test_imgs/Signature/08_021.png,Signature,Signature,True
./test_imgs/Signature/12_037.png,Signature,Signature,True
./test_imgs/Signature/08_038.png,Signature,Signature,True
./test_imgs/Signature/014_11.PNG,Signature,Signature,True
./test_imgs/Signature/08_020.png,Signature,Signature,True
./test_imgs/Signature/12_057.png,Signature,Signature,True
./test_imgs/Signature/10_024.png,Signature,Signature,True
./test_imgs/Signature/07_039.png,Signature,Signature,True
./test_imgs/Signature/014_04.PNG,Signature,Signature,True
./test_imgs/Signature/10_028.png,Signature,Signature,True
./test_imgs/Signature/09_022.png,Signature,Signature,True
./test_imgs/Signature/016_20.PNG,Signature,Signature,True
./test_imgs/Signature/11_045.png,Signature,Signature,True
./test_imgs/Signature/015_08.PNG,Signature,Signature,True
./test_imgs/Signature/09_049.png,Signature,Signature,True
./test_imgs/Signature/08_026.png,Signature,Signature,True
./test_imgs/Signature/08_031.png,Signature,Signature,True
./test_imgs/Signature/07_059.png,Signature,Signature,True
./test_imgs/Signature/009_07.PNG,Signature,Signature,True
./test_imgs/Signature/009_01.PNG,Signature,Signature,True
./test_imgs/Signature/014_22.PNG,Signature,Signature,True
./test_imgs/Signature/07_043.png,Signature,Signature,True
./test_imgs/Signature/009_09.PNG,Signature,Signature,True
./test_imgs/Signature/11_064.png,Signature,Signature,True
./test_imgs/Signature/12_027.png,Signature,Signature,True
./test_imgs/Signature/09_043.png,Signature,Signature,True
./test_imgs/Signature/09_013.png,Signature,Signature,True
./test_imgs/Signature/012_04.PNG,Signature,Signature,True
./test_imgs/Signature/08_040.png,Signature,Signature,True
./test_imgs/Signature/08_017.png,Signature,Signature,True
./test_imgs/Signature/014_17.PNG,Signature,Signature,True
./test_imgs/Signature/012_24.PNG,Signature,Signature,True
./test_imgs/Signature/11_020.png,Signature,Signature,True
./test_imgs/Signature/11_013.png,Signature,Signature,True
./test_imgs/Signature/07_051.png,Signature,Signature,True
./test_imgs/Signature/07_060.png,Signature,Signature,True
./test_imgs/Signature/015_03.PNG,Signature,Signature,True
./test_imgs/Signature/10_023.png,Signature,Signature,True
./test_imgs/Signature/009_19.PNG,Signature,Signature,True
./test_imgs/Signature/09_064.png,Signature,Signature,True
./test_imgs/Signature/009_23.PNG,Signature,Signature,True
./test_imgs/Signature/012_05.PNG,Signature,Signature,True
./test_imgs/Signature/11_065.png,Signature,Signature,True
./test_imgs/Signature/014_09.PNG,Signature,Signature,True
./test_imgs/Signature/012_11.PNG,Signature,Signature,True
./test_imgs/Signature/10_040.png,Signature,Signature,True
./test_imgs/Signature/009_13.PNG,Signature,Signature,True
./test_imgs/Signature/07_050.png,Signature,Signature,True
./test_imgs/Signature/016_18.PNG,Signature,Signature,True
./test_imgs/Signature/014_02.PNG,Signature,Signature,True
./test_imgs/Signature/12_032.png,Signature,Signature,True
./test_imgs/Signature/img_1.png,Signature,Signature,True
./test_imgs/Signature/09_042.png,Signature,Signature,True
./test_imgs/Signature/12_038.png,Signature,Signature,True
./test_imgs/Signature/009_16.PNG,Signature,Signature,True
./test_imgs/Signature/08_022.png,Signature,Signature,True
./test_imgs/Signature/07_042.png,Signature,Signature,True
./test_imgs/Signature/12_050.png,Signature,Signature,True
./test_imgs/Signature/12_036.png,Signature,Signature,True
./test_imgs/Signature/015_01.PNG,Signature,Signature,True
./test_imgs/Signature/016_08.PNG,Signature,Signature,True
./test_imgs/Signature/09_027.png,Signature,Signature,True
./test_imgs/Signature/012_06.PNG,Signature,Signature,True
./test_imgs/Signature/12_029.png,Signature,Signature,True
./test_imgs/Signature/07_047.png,Signature,Signature,True
./test_imgs/Signature/014_16.PNG,Signature,Signature,True
./test_imgs/Signature/11_038.png,Signature,Signature,True
./test_imgs/Signature/07_063.png,Signature,Signature,True
./test_imgs/Signature/11_061.png,Signature,Signature,True
./test_imgs/Signature/09_041.png,Signature,Signature,True
./test_imgs/Signature/10_042.png,Signature,Signature,True
./test_imgs/Signature/07_025.png,Signature,Signature,True
./test_imgs/Signature/08_025.png,Signature,Signature,True
./test_imgs/Signature/009_18.PNG,Signature,Signature,True
./test_imgs/Signature/08_046.png,Signature,Signature,True
./test_imgs/Signature/12_065.png,Signature,Signature,True
./test_imgs/Signature/11_033.png,Signature,Signature,True
./test_imgs/Signature/07_022.png,Signature,Signature,True
./test_imgs/Signature/10_039.png,Signature,Signature,True
./test_imgs/Signature/09_054.png,Signature,Signature,True
./test_imgs/Signature/009_03.PNG,Signature,Signature,True
./test_imgs/Signature/11_051.png,Signature,Signature,True
./test_imgs/Signature/09_057.png,Signature,Signature,True
./test_imgs/Signature/11_022.png,Signature,Signature,True
./test_imgs/Signature/12_061.png,Signature,Signature,True
./test_imgs/Signature/10_033.png,Signature,Signature,True
./test_imgs/Signature/07_024.png,Signature,Signature,True
./test_imgs/Signature/11_050.png,Signature,Signature,True
./test_imgs/Signature/12_068.png,Signature,Signature,True
./test_imgs/Signature/015_06.PNG,Signature,Signature,True
./test_imgs/Signature/09_053.png,Signature,Signature,True
./test_imgs/Signature/016_07.PNG,Signature,Signature,True
./test_imgs/Signature/12_067.png,Signature,Signature,True
./test_imgs/Signature/016_14.PNG,Signature,Signature,True
./test_imgs/Signature/12_062.png,Signature,Signature,True
./test_imgs/Signature/009_20.PNG,Signature,Signature,True
./test_imgs/Signature/11_039.png,Signature,Signature,True
./test_imgs/Signature/009_14.PNG,Signature,Signature,True
./test_imgs/Signature/11_049.png,Signature,Signature,True
./test_imgs/Signature/10_064.png,Signature,Signature,True
./test_imgs/Signature/07_018.png,Signature,Signature,True
./test_imgs/Signature/09_028.png,Signature,Signature,True
./test_imgs/Signature/10_048.png,Signature,Signature,True
./test_imgs/Signature/09_062.png,Signature,Signature,True
./test_imgs/Signature/12_035.png,Signature,Signature,True
./test_imgs/Signature/07_020.png,Signature,Signature,True
./test_imgs/Signature/009_08.PNG,Signature,Signature,True
./test_imgs/Signature/10_045.png,Signature,Signature,True
./test_imgs/Signature/015_12.PNG,Signature,Signature,True
./test_imgs/Signature/08_042.png,Signature,Signature,True
./test_imgs/Signature/11_025.png,Signature,Signature,True
./test_imgs/Signature/08_041.png,Signature,Signature,True
./test_imgs/Signature/09_065.png,Signature,Signature,True
./test_imgs/Signature/07_046.png,Signature,Signature,True
./test_imgs/Signature/09_017.png,Signature,Signature,True
./test_imgs/Signature/09_067.png,Signature,Signature,True
./test_imgs/Signature/009_04.PNG,Signature,Signature,True
./test_imgs/Signature/09_033.png,Signature,Signature,True
./test_imgs/Signature/11_019.png,Signature,Signature,True
./test_imgs/Signature/016_13.PNG,Signature,Signature,True
./test_imgs/Signature/08_068.png,Signature,Signature,True
./test_imgs/Signature/11_041.png,Signature,Signature,True
./test_imgs/Signature/09_047.png,Signature,Signature,True
./test_imgs/Signature/015_09.PNG,Signature,Signature,True
./test_imgs/Signature/10_021.png,Signature,Signature,True
./test_imgs/Signature/11_030.png,Signature,Signature,True
./test_imgs/Signature/015_21.PNG,Signature,Signature,True
./test_imgs/Signature/12_045.png,Signature,Signature,True
./test_imgs/Signature/08_057.png,Signature,Signature,True
./test_imgs/Signature/11_027.png,Signature,Signature,True
./test_imgs/Signature/img_2.png,Signature,Signature,True
./test_imgs/Signature/10_025.png,Signature,Signature,True
./test_imgs/Signature/014_23.PNG,Signature,Signature,True
./test_imgs/Signature/08_036.png,Signature,Signature,True
./test_imgs/Signature/08_051.png,Signature,Signature,True
./test_imgs/Signature/07_044.png,Signature,Signature,True
./test_imgs/Signature/012_01.PNG,Signature,Signature,True
./test_imgs/Signature/009_06.PNG,Signature,Signature,True
./test_imgs/Signature/12_058.png,Signature,Signature,True
./test_imgs/Signature/11_032.png,Signature,Signature,True
./test_imgs/Signature/009_15.PNG,Signature,Signature,True
./test_imgs/Signature/016_05.PNG,Signature,Signature,True
./test_imgs/Signature/014_07.PNG,Signature,Signature,True
./test_imgs/Signature/09_034.png,Signature,Signature,True
./test_imgs/Signature/11_056.png,Signature,Signature,True
./test_imgs/Signature/12_040.png,Signature,Signature,True
./test_imgs/Signature/12_026.png,Signature,Signature,True
./test_imgs/Signature/10_037.png,Signature,Signature,True
./test_imgs/Signature/09_021.png,Signature,Signature,True
./test_imgs/Signature/09_023.png,Signature,Signature,True
./test_imgs/Signature/016_10.PNG,Signature,Signature,True
./test_imgs/Signature/012_22.PNG,Signature,Signature,True
./test_imgs/Signature/10_047.png,Signature,Signature,True
./test_imgs/Signature/10_066.png,Signature,Signature,True
./test_imgs/Signature/11_048.png,Signature,Signature,True
./test_imgs/Signature/09_032.png,Signature,Signature,True
./test_imgs/Signature/09_036.png,Signature,Signature,True
./test_imgs/Signature/11_069.png,Signature,Signature,True
./test_imgs/Signature/10_034.png,Signature,Signature,True
./test_imgs/Signature/07_028.png,Signature,Signature,True
./test_imgs/Signature/11_054.png,Signature,Signature,True
./test_imgs/Signature/12_024.png,Signature,Signature,True
./test_imgs/Signature/12_043.png,Signature,Signature,True
./test_imgs/Signature/015_15.PNG,Signature,Signature,True
./test_imgs/Signature/11_035.png,Signature,Signature,True
./test_imgs/Signature/012_23.PNG,Signature,Signature,True
./test_imgs/Signature/09_051.png,Signature,Signature,True
./test_imgs/Signature/012_16.PNG,Signature,Signature,True
./test_imgs/Signature/09_026.png,Signature,Signature,True
./test_imgs/Signature/10_031.png,Signature,Signature,True
./test_imgs/Signature/015_10.PNG,Signature,Signature,True
./test_imgs/Signature/08_037.png,Signature,Signature,True
./test_imgs/Signature/12_031.png,Signature,Signature,True
./test_imgs/Signature/09_055.png,Signature,Signature,True
./test_imgs/Signature/10_036.png,Signature,Signature,True
./test_imgs/Signature/10_063.png,Signature,Signature,True
./test_imgs/Signature/09_058.png,Signature,Signature,True
./test_imgs/Signature/012_19.PNG,Signature,Signature,True
./test_imgs/Signature/10_019.png,Signature,Signature,True
./test_imgs/Signature/09_039.png,Signature,Signature,True
./test_imgs/Signature/015_18.PNG,Signature,Signature,True
./test_imgs/Signature/09_052.png,Signature,Signature,True
./test_imgs/Signature/08_058.png,Signature,Signature,True
./test_imgs/Signature/10_035.png,Signature,Signature,True
./test_imgs/Signature/11_018.png,Signature,Signature,True
./test_imgs/Signature/09_050.png,Signature,Signature,True
./test_imgs/Signature/08_019.png,Signature,Signature,True
./test_imgs/Signature/10_030.png,Signature,Signature,True
./test_imgs/Signature/014_21.PNG,Signature,Signature,True
./test_imgs/Signature/11_053.png,Signature,Signature,True
./test_imgs/Signature/12_017.png,Signature,Signature,True
./test_imgs/Signature/12_052.png,Signature,Signature,True
./test_imgs/Signature/07_058.png,Signature,Signature,True
./test_imgs/Signature/015_14.PNG,Signature,Signature,True
./test_imgs/Signature/016_12.PNG,Signature,Signature,True
./test_imgs/Signature/07_021.png,Signature,Signature,True
./test_imgs/Signature/11_023.png,Signature,Signature,True
./test_imgs/Signature/07_026.png,Signature,Signature,True
./test_imgs/Signature/11_034.png,Signature,Signature,True
./test_imgs/Signature/12_023.png,Signature,Signature,True
./test_imgs/Signature/11_060.png,Signature,Signature,True
./test_imgs/Signature/08_064.png,Signature,Signature,True
./test_imgs/Signature/09_066.png,Signature,Signature,True
./test_imgs/Signature/015_07.PNG,Signature,Signature,True
./test_imgs/Signature/09_029.png,Signature,Signature,True
./test_imgs/Signature/10_013.png,Signature,Signature,True
./test_imgs/Signature/014_06.PNG,Signature,Signature,True
./test_imgs/Signature/09_020.png,Signature,Signature,True
./test_imgs/Signature/015_17.PNG,Signature,Signature,True
./test_imgs/Signature/12_053.png,Signature,Signature,True
./test_imgs/Signature/07_049.png,Signature,Signature,True
./test_imgs/Signature/07_029.png,Signature,Signature,True
./test_imgs/Signature/012_14.PNG,Signature,Signature,True
./test_imgs/Signature/09_040.png,Signature,Signature,True
./test_imgs/Signature/09_059.png,Signature,Signature,True
./test_imgs/Signature/10_029.png,Signature,Signature,True
./test_imgs/Signature/07_040.png,Signature,Signature,True
./test_imgs/Signature/09_061.png,Signature,Signature,True
./test_imgs/Signature/10_020.png,Signature,Signature,True
./test_imgs/Signature/012_13.PNG,Signature,Signature,True
./test_imgs/Signature/08_039.png,Signature,Signature,True
./test_imgs/Signature/12_033.png,Signature,Signature,True
./test_imgs/Signature/10_051.png,Signature,Signature,True
./test_imgs/Signature/014_18.PNG,Signature,Signature,True
./test_imgs/Signature/07_035.png,Signature,Signature,True
./test_imgs/Signature/08_050.png,Signature,Signature,True
./test_imgs/Signature/09_045.png,Signature,Signature,True
./test_imgs/Signature/09_018.png,Signature,Signature,True
./test_imgs/Signature/08_055.png,Signature,Signature,True
./test_imgs/Signature/07_067.png,Signature,Signature,True
./test_imgs/Signature/014_20.PNG,Signature,Signature,True
./test_imgs/Signature/09_035.png,Signature,Signature,True
./test_imgs/Signature/009_02.PNG,Signature,Signature,True
./test_imgs/Signature/10_032.png,Signature,Signature,True
./test_imgs/Signature/016_06.PNG,Signature,Signature,True
./test_imgs/Signature/10_069.png,Signature,Signature,True
./test_imgs/Signature/09_025.png,Signature,Signature,True
./test_imgs/Signature/009_24.PNG,Signature,Signature,True
./test_imgs/Signature/016_21.PNG,Signature,Signature,True
./test_imgs/Signature/10_017.png,Signature,Signature,True
./test_imgs/Signature/09_048.png,Signature,Signature,True
./test_imgs/Signature/08_035.png,Signature,Signature,True
./test_imgs/Signature/015_13.PNG,Signature,Signature,True
./test_imgs/Signature/11_029.png,Signature,Signature,True
./test_imgs/Signature/014_08.PNG,Signature,Signature,True
./test_imgs/Signature/016_09.PNG,Signature,Signature,True
./test_imgs/Signature/07_019.png,Signature,Signature,True
./test_imgs/Signature/08_059.png,Signature,Signature,True
./test_imgs/Signature/12_022.png,Signature,Signature,True
./test_imgs/Signature/12_044.png,Signature,Signature,True
./test_imgs/Signature/Untitled1.png,Signature,Signature,True
./test_imgs/Signature/07_037.png,Signature,Signature,True
./test_imgs/Signature/016_24.PNG,Signature,Signature,True
./test_imgs/Signature/08_013.png,Signature,Signature,True
./test_imgs/Signature/09_060.png,Signature,Signature,True
./test_imgs/Signature/10_026.png,Signature,Signature,True
./test_imgs/Signature/09_063.png,Signature,Signature,True
./test_imgs/Signature/08_045.png,Signature,Signature,True
./test_imgs/Signature/12_013.png,Signature,Signature,True
./test_imgs/Signature/10_022.png,Signature,Signature,True
./test_imgs/Signature/08_028.png,Signature,Signature,True
./test_imgs/Signature/09_056.png,Signature,Signature,True
./test_imgs/Signature/014_14.PNG,Signature,Signature,True
./test_imgs/Signature/12_030.png,Signature,Signature,True
./test_imgs/Signature/10_060.png,Signature,Signature,True
./test_imgs/Signature/08_043.png,Signature,Signature,True
./test_imgs/Signature/08_047.png,Signature,Signature,True
./test_imgs/Signature/012_08.PNG,Signature,Signature,True
./test_imgs/Signature/12_046.png,Signature,Signature,True
./test_imgs/Signature/08_060.png,Signature,Signature,True
./test_imgs/Signature/014_03.PNG,Signature,Signature,True
./test_imgs/Signature/11_062.png,Signature,Signature,True
./test_imgs/Signature/09_024.png,Signature,Signature,True
./test_imgs/Signature/07_066.png,Signature,Signature,True
./test_imgs/Signature/07_068.png,Signature,Signature,True
./test_imgs/Signature/012_03.PNG,Signature,Signature,True
./test_imgs/Signature/10_067.png,Signature,Signature,True
./test_imgs/Signature/07_048.png,Signature,Signature,True
./test_imgs/Signature/07_052.png,Signature,Signature,True
./test_imgs/Signature/08_063.png,Signature,Signature,True
./test_imgs/Signature/12_048.png,Signature,Signature,True
./test_imgs/Signature/11_042.png,Signature,Signature,True
./test_imgs/No_Signature/695-294x105.jpg,No_Signature,No_Signature,True
./test_imgs/No_Signature/1081-234x171.jpg,No_Signature,No_Signature,True
./test_imgs/No_Signature/783-116x104.jpg,No_Signature,No_Signature,True
./test_imgs/No_Signature/739-196x207.jpg,No_Signature,No_Signature,True
./test_imgs/No_Signature/698-219x79.jpg,No_Signature,No_Signature,True
./test_imgs/No_Signature/997-288x247.jpg,No_Signature,No_Signature,True
./test_imgs/No_Signature/885-238x126.jpg,No_Signature,No_Signature,True
./test_imgs/No_Signature/620-197x155.jpg,No_Signature,No_Signature,True
./test_imgs/No_Signature/1018-300x168.jpg,No_Signature,No_Signature,True
./test_imgs/No_Signature/696-100x112.jpg,No_Signature,No_Signature,True
./test_imgs/No_Signature/905-299x265.jpg,No_Signature,No_Signature,True
./test_imgs/No_Signature/832-185x250.jpg,No_Signature,No_Signature,True
./test_imgs/No_Signature/566-254x232.jpg,No_Signature,No_Signature,True
./test_imgs/No_Signature/1079-114x78.jpg,No_Signature,No_Signature,True
./test_imgs/No_Signature/685-291x83.jpg,No_Signature,No_Signature,True
./test_imgs/No_Signature/1016-290x258.jpg,No_Signature,No_Signature,True
./test_imgs/No_Signature/886-157x249.jpg,No_Signature,No_Signature,True
./test_imgs/No_Signature/1056-297x178.jpg,No_Signature,No_Signature,True
./test_imgs/No_Signature/776-291x79.jpg,No_Signature,No_Signature,True
./test_imgs/No_Signature/844-294x222.jpg,No_Signature,No_Signature,True
./test_imgs/No_Signature/1020-141x230.jpg,No_Signature,No_Signature,True
./test_imgs/No_Signature/635-186x149.jpg,No_Signature,No_Signature,True
./test_imgs/No_Signature/972-219x271.jpg,No_Signature,No_Signature,True
./test_imgs/No_Signature/617-110x200.jpg,No_Signature,No_Signature,True
./test_imgs/No_Signature/1015-255x279.jpg,No_Signature,No_Signature,True
./test_imgs/No_Signature/1077-252x96.jpg,No_Signature,No_Signature,True
./test_imgs/No_Signature/614-252x195.jpg,No_Signature,No_Signature,True
./test_imgs/No_Signature/566-222x242.jpg,No_Signature,No_Signature,True
./test_imgs/No_Signature/826-115x266.jpg,No_Signature,No_Signature,True
./test_imgs/No_Signature/767-152x88.jpg,No_Signature,No_Signature,True
./test_imgs/No_Signature/591-209x274.jpg,No_Signature,No_Signature,True
./test_imgs/No_Signature/818-114x197.jpg,No_Signature,No_Signature,True
./test_imgs/No_Signature/692-255x165.jpg,No_Signature,No_Signature,True
./test_imgs/No_Signature/992-223x90.jpg,No_Signature,No_Signature,True
./test_imgs/No_Signature/580-259x268.jpg,No_Signature,No_Signature,True
./test_imgs/No_Signature/572-283x112.jpg,No_Signature,No_Signature,True
./test_imgs/No_Signature/868-169x171.jpg,No_Signature,No_Signature,True
./test_imgs/No_Signature/656-161x134.jpg,No_Signature,No_Signature,True
./test_imgs/No_Signature/757-269x247.jpg,No_Signature,No_Signature,True
./test_imgs/No_Signature/756-266x105.jpg,No_Signature,No_Signature,True
./test_imgs/No_Signature/822-299x142.jpg,No_Signature,No_Signature,True
./test_imgs/No_Signature/722-254x259.jpg,No_Signature,No_Signature,True
./test_imgs/No_Signature/856-171x119.jpg,No_Signature,No_Signature,True
./test_imgs/No_Signature/941-129x84.jpg,No_Signature,No_Signature,True
./test_imgs/No_Signature/610-300x247.jpg,No_Signature,No_Signature,True
./test_imgs/No_Signature/582-168x217.jpg,No_Signature,No_Signature,True
./test_imgs/No_Signature/609-91x124.jpg,No_Signature,No_Signature,True
./test_imgs/No_Signature/613-96x273.jpg,No_Signature,No_Signature,True
./test_imgs/No_Signature/778-100x218.jpg,No_Signature,No_Signature,True
./test_imgs/No_Signature/680-106x75.jpg,No_Signature,No_Signature,True
./test_imgs/No_Signature/664-257x225.jpg,No_Signature,No_Signature,True
./test_imgs/No_Signature/871-194x100.jpg,No_Signature,No_Signature,True
./test_imgs/No_Signature/743-195x142.jpg,No_Signature,No_Signature,True
./test_imgs/No_Signature/1014-80x274.jpg,No_Signature,No_Signature,True
./test_imgs/No_Signature/593-166x138.jpg,No_Signature,No_Signature,True
./test_imgs/No_Signature/893-264x154.jpg,No_Signature,No_Signature,True
./test_imgs/No_Signature/620-266x196.jpg,No_Signature,No_Signature,True
./test_imgs/No_Signature/991-232x81.jpg,No_Signature,No_Signature,True
./test_imgs/No_Signature/672-276x90.jpg,No_Signature,No_Signature,True
./test_imgs/No_Signature/1064-181x249.jpg,No_Signature,No_Signature,True
./test_imgs/No_Signature/972-122x277.jpg,No_Signature,No_Signature,True
./test_imgs/No_Signature/993-241x75.jpg,No_Signature,No_Signature,True
./test_imgs/No_Signature/675-285x210.jpg,No_Signature,No_Signature,True
./test_imgs/No_Signature/573-209x269.jpg,No_Signature,No_Signature,True
./test_imgs/No_Signature/819-254x158.jpg,No_Signature,No_Signature,True
./test_imgs/No_Signature/657-204x226.jpg,No_Signature,No_Signature,True
./test_imgs/No_Signature/969-135x102.jpg,No_Signature,No_Signature,True
./test_imgs/No_Signature/964-187x241.jpg,No_Signature,No_Signature,True
./test_imgs/No_Signature/974-295x169.jpg,No_Signature,No_Signature,True
./test_imgs/No_Signature/805-226x127.jpg,No_Signature,No_Signature,True
./test_imgs/No_Signature/700-194x182.jpg,No_Signature,No_Signature,True
./test_imgs/No_Signature/640-288x92.jpg,No_Signature,No_Signature,True
./test_imgs/No_Signature/570-106x159.jpg,No_Signature,No_Signature,True
./test_imgs/No_Signature/738-212x93.jpg,No_Signature,No_Signature,True
./test_imgs/No_Signature/626-218x222.jpg,No_Signature,No_Signature,True
./test_imgs/No_Signature/1023-219x211.jpg,No_Signature,No_Signature,True
./test_imgs/No_Signature/958-187x142.jpg,No_Signature,No_Signature,True
./test_imgs/No_Signature/634-233x212.jpg,No_Signature,No_Signature,True
./test_imgs/No_Signature/1052-272x238.jpg,No_Signature,No_Signature,True
./test_imgs/No_Signature/978-103x139.jpg,No_Signature,No_Signature,True
./test_imgs/No_Signature/898-96x173.jpg,No_Signature,No_Signature,True
./test_imgs/No_Signature/1049-179x246.jpg,No_Signature,No_Signature,True
./test_imgs/No_Signature/890-174x163.jpg,No_Signature,No_Signature,True
./test_imgs/No_Signature/966-163x216.jpg,No_Signature,No_Signature,True
./test_imgs/No_Signature/975-278x208.jpg,No_Signature,No_Signature,True
./test_imgs/No_Signature/977-249x259.jpg,No_Signature,No_Signature,True
./test_imgs/No_Signature/851-131x96.jpg,No_Signature,No_Signature,True
./test_imgs/No_Signature/698-224x139.jpg,No_Signature,No_Signature,True
./test_imgs/No_Signature/1028-102x218.jpg,No_Signature,No_Signature,True
./test_imgs/No_Signature/743-169x171.jpg,No_Signature,No_Signature,True
./test_imgs/No_Signature/773-245x200.jpg,No_Signature,No_Signature,True
./test_imgs/No_Signature/1062-76x284.jpg,No_Signature,No_Signature,True
./test_imgs/No_Signature/855-255x155.jpg,No_Signature,No_Signature,True
./test_imgs/No_Signature/926-191x255.jpg,No_Signature,No_Signature,True
./test_imgs/No_Signature/572-171x292.jpg,No_Signature,No_Signature,True
./test_imgs/No_Signature/1016-126x190.jpg,No_Signature,No_Signature,True
./test_imgs/No_Signature/1083-280x263.jpg,No_Signature,No_Signature,True
./test_imgs/No_Signature/660-294x104.jpg,No_Signature,No_Signature,True
./test_imgs/No_Signature/766-148x107.jpg,No_Signature,No_Signature,True
./test_imgs/No_Signature/563-290x147.jpg,No_Signature,No_Signature,True
./test_imgs/No_Signature/1061-83x268.jpg,No_Signature,No_Signature,True
./test_imgs/No_Signature/1061-199x236.jpg,No_Signature,No_Signature,True
./test_imgs/No_Signature/1009-286x132.jpg,No_Signature,No_Signature,True
./test_imgs/No_Signature/559-156x142.jpg,No_Signature,No_Signature,True
./test_imgs/No_Signature/793-211x100.jpg,No_Signature,No_Signature,True
./test_imgs/No_Signature/1045-106x163.jpg,No_Signature,No_Signature,True
./test_imgs/No_Signature/555-156x194.jpg,No_Signature,No_Signature,True
./test_imgs/No_Signature/621-78x236.jpg,No_Signature,No_Signature,True
./test_imgs/No_Signature/836-235x250.jpg,No_Signature,No_Signature,True
./test_imgs/No_Signature/989-109x108.jpg,No_Signature,No_Signature,True
./test_imgs/No_Signature/810-271x199.jpg,No_Signature,No_Signature,True
./test_imgs/No_Signature/1032-106x159.jpg,No_Signature,No_Signature,True
./test_imgs/No_Signature/1079-237x257.jpg,No_Signature,No_Signature,True
./test_imgs/No_Signature/923-188x95.jpg,No_Signature,No_Signature,True
./test_imgs/No_Signature/982-156x244.jpg,No_Signature,No_Signature,True
./test_imgs/No_Signature/737-180x168.jpg,No_Signature,No_Signature,True
./test_imgs/No_Signature/933-137x179.jpg,No_Signature,No_Signature,True
./test_imgs/No_Signature/995-98x257.jpg,No_Signature,No_Signature,True
./test_imgs/No_Signature/700-140x181.jpg,No_Signature,No_Signature,True
./test_imgs/No_Signature/757-284x211.jpg,No_Signature,No_Signature,True
./test_imgs/No_Signature/560-75x161.jpg,No_Signature,No_Signature,True
./test_imgs/No_Signature/618-225x165.jpg,No_Signature,No_Signature,True
./test_imgs/No_Signature/1053-241x209.jpg,No_Signature,No_Signature,True
./test_imgs/No_Signature/940-96x196.jpg,No_Signature,No_Signature,True
./test_imgs/No_Signature/724-267x202.jpg,No_Signature,No_Signature,True
./test_imgs/No_Signature/1063-90x170.jpg,No_Signature,No_Signature,True
./test_imgs/No_Signature/724-278x138.jpg,No_Signature,No_Signature,True
./test_imgs/No_Signature/622-170x255.jpg,No_Signature,No_Signature,True
./test_imgs/No_Signature/757-101x150.jpg,No_Signature,No_Signature,True
./test_imgs/No_Signature/688-128x160.jpg,No_Signature,No_Signature,True
./test_imgs/No_Signature/760-103x75.jpg,No_Signature,No_Signature,True
./test_imgs/No_Signature/646-208x214.jpg,No_Signature,No_Signature,True
./test_imgs/No_Signature/859-180x121.jpg,No_Signature,No_Signature,True
./test_imgs/No_Signature/838-149x205.jpg,No_Signature,No_Signature,True
./test_imgs/No_Signature/727-255x201.jpg,No_Signature,No_Signature,True
./test_imgs/No_Signature/676-298x231.jpg,No_Signature,No_Signature,True
./test_imgs/No_Signature/876-300x265.jpg,No_Signature,No_Signature,True
./test_imgs/No_Signature/1045-141x116.jpg,No_Signature,No_Signature,True
./test_imgs/No_Signature/717-142x156.jpg,No_Signature,No_Signature,True
./test_imgs/No_Signature/1057-291x89.jpg,No_Signature,No_Signature,True
./test_imgs/No_Signature/556-233x270.jpg,No_Signature,No_Signature,True
./test_imgs/No_Signature/639-182x148.jpg,No_Signature,No_Signature,True
./test_imgs/No_Signature/667-176x187.jpg,No_Signature,No_Signature,True
./test_imgs/No_Signature/1024-100x113.jpg,No_Signature,No_Signature,True
./test_imgs/No_Signature/599-119x80.jpg,No_Signature,No_Signature,True
./test_imgs/No_Signature/938-246x79.jpg,No_Signature,No_Signature,True
./test_imgs/No_Signature/719-103x179.jpg,No_Signature,No_Signature,True
./test_imgs/No_Signature/558-209x171.jpg,No_Signature,No_Signature,True
./test_imgs/No_Signature/868-98x259.jpg,No_Signature,No_Signature,True
./test_imgs/No_Signature/648-295x287.jpg,No_Signature,No_Signature,True
./test_imgs/No_Signature/858-79x99.jpg,No_Signature,No_Signature,True
./test_imgs/No_Signature/908-175x296.jpg,No_Signature,No_Signature,True
./test_imgs/No_Signature/776-143x150.jpg,No_Signature,No_Signature,True
./test_imgs/No_Signature/826-150x80.jpg,No_Signature,No_Signature,True
./test_imgs/No_Signature/1064-185x264.jpg,No_Signature,No_Signature,True
./test_imgs/No_Signature/949-119x220.jpg,No_Signature,No_Signature,True
./test_imgs/No_Signature/831-114x170.jpg,No_Signature,No_Signature,True
./test_imgs/No_Signature/778-146x162.jpg,No_Signature,No_Signature,True
./test_imgs/No_Signature/723-172x226.jpg,No_Signature,No_Signature,True
./test_imgs/No_Signature/630-173x138.jpg,No_Signature,No_Signature,True
./test_imgs/No_Signature/836-298x134.jpg,No_Signature,No_Signature,True
./test_imgs/No_Signature/1061-154x150.jpg,No_Signature,No_Signature,True
./test_imgs/No_Signature/838-295x244.jpg,No_Signature,No_Signature,True
./test_imgs/No_Signature/858-179x174.jpg,No_Signature,No_Signature,True
./test_imgs/No_Signature/837-172x253.jpg,No_Signature,No_Signature,True
./test_imgs/No_Signature/686-197x188.jpg,No_Signature,No_Signature,True
./test_imgs/No_Signature/573-215x295.jpg,No_Signature,No_Signature,True
./test_imgs/No_Signature/579-285x139.jpg,No_Signature,No_Signature,True
./test_imgs/No_Signature/705-152x271.jpg,No_Signature,No_Signature,True
./test_imgs/No_Signature/1071-151x246.jpg,No_Signature,No_Signature,True
./test_imgs/No_Signature/604-208x124.jpg,No_Signature,No_Signature,True
./test_imgs/No_Signature/798-223x111.jpg,No_Signature,No_Signature,True
./test_imgs/No_Signature/738-197x204.jpg,No_Signature,No_Signature,True
./test_imgs/No_Signature/575-170x158.jpg,No_Signature,No_Signature,True
./test_imgs/No_Signature/723-203x197.jpg,No_Signature,No_Signature,True
./test_imgs/No_Signature/936-90x130.jpg,No_Signature,No_Signature,True
./test_imgs/No_Signature/786-221x91.jpg,No_Signature,No_Signature,True
./test_imgs/No_Signature/662-300x78.jpg,No_Signature,No_Signature,True
./test_imgs/No_Signature/859-271x233.jpg,No_Signature,No_Signature,True
./test_imgs/No_Signature/922-184x125.jpg,No_Signature,No_Signature,True
./test_imgs/No_Signature/875-252x105.jpg,No_Signature,No_Signature,True
./test_imgs/No_Signature/560-158x292.jpg,No_Signature,No_Signature,True
./test_imgs/No_Signature/614-289x174.jpg,No_Signature,No_Signature,True
./test_imgs/No_Signature/793-207x79.jpg,No_Signature,No_Signature,True
./test_imgs/No_Signature/622-193x162.jpg,No_Signature,No_Signature,True
./test_imgs/No_Signature/952-267x113.jpg,No_Signature,No_Signature,True
./test_imgs/No_Signature/987-212x181.jpg,No_Signature,No_Signature,True
./test_imgs/No_Signature/1008-262x170.jpg,No_Signature,No_Signature,True
./test_imgs/No_Signature/903-248x182.jpg,No_Signature,No_Signature,True
./test_imgs/No_Signature/1013-210x104.jpg,No_Signature,No_Signature,True
./test_imgs/No_Signature/983-289x190.jpg,No_Signature,No_Signature,True
./test_imgs/No_Signature/975-156x105.jpg,No_Signature,No_Signature,True
./test_imgs/No_Signature/1055-226x207.jpg,No_Signature,No_Signature,True
./test_imgs/No_Signature/941-89x270.jpg,No_Signature,No_Signature,True
./test_imgs/No_Signature/977-89x110.jpg,No_Signature,No_Signature,True
./test_imgs/No_Signature/785-252x115.jpg,No_Signature,No_Signature,True
./test_imgs/No_Signature/962-277x193.jpg,No_Signature,No_Signature,True
./test_imgs/No_Signature/774-243x192.jpg,No_Signature,No_Signature,True
./test_imgs/No_Signature/969-293x162.jpg,No_Signature,No_Signature,True
./test_imgs/No_Signature/810-198x80.jpg,No_Signature,No_Signature,True
./test_imgs/No_Signature/569-193x177.jpg,No_Signature,No_Signature,True
./test_imgs/No_Signature/824-168x157.jpg,No_Signature,No_Signature,True
./test_imgs/No_Signature/682-106x242.jpg,No_Signature,No_Signature,True
./test_imgs/No_Signature/1008-93x91.jpg,No_Signature,No_Signature,True
./test_imgs/No_Signature/638-96x118.jpg,No_Signature,No_Signature,True
./test_imgs/No_Signature/941-248x98.jpg,No_Signature,No_Signature,True
./test_imgs/No_Signature/1028-222x76.jpg,No_Signature,No_Signature,True
./test_imgs/No_Signature/803-182x198.jpg,No_Signature,No_Signature,True
./test_imgs/No_Signature/969-111x110.jpg,No_Signature,No_Signature,True
./test_imgs/No_Signature/586-90x177.jpg,No_Signature,No_Signature,True
./test_imgs/No_Signature/929-177x209.jpg,No_Signature,No_Signature,True
./test_imgs/No_Signature/1025-166x107.jpg,No_Signature,No_Signature,True
./test_imgs/No_Signature/1062-149x281.jpg,No_Signature,No_Signature,True
./test_imgs/No_Signature/805-213x196.jpg,No_Signature,No_Signature,True
./test_imgs/No_Signature/665-151x229.jpg,No_Signature,No_Signature,True
./test_imgs/No_Signature/991-237x200.jpg,No_Signature,No_Signature,True
./test_imgs/No_Signature/1008-174x244.jpg,No_Signature,No_Signature,True
./test_imgs/No_Signature/913-103x162.jpg,No_Signature,No_Signature,True
./test_imgs/No_Signature/905-289x199.jpg,No_Signature,No_Signature,True
./test_imgs/No_Signature/922-80x128.jpg,No_Signature,No_Signature,True
./test_imgs/No_Signature/1064-192x299.jpg,No_Signature,No_Signature,True
./test_imgs/No_Signature/952-255x263.jpg,No_Signature,No_Signature,True
./test_imgs/No_Signature/732-107x265.jpg,No_Signature,No_Signature,True
./test_imgs/No_Signature/568-284x89.jpg,No_Signature,No_Signature,True
./test_imgs/No_Signature/1065-289x133.jpg,No_Signature,No_Signature,True
./test_imgs/No_Signature/807-128x169.jpg,No_Signature,No_Signature,True
./test_imgs/No_Signature/1059-298x191.jpg,No_Signature,No_Signature,True
./test_imgs/No_Signature/813-265x199.jpg,No_Signature,No_Signature,True
./test_imgs/No_Signature/814-212x174.jpg,No_Signature,No_Signature,True
./test_imgs/No_Signature/575-102x194.jpg,No_Signature,No_Signature,True
./test_imgs/No_Signature/593-85x104.jpg,No_Signature,No_Signature,True
./test_imgs/No_Signature/1010-284x299.jpg,No_Signature,No_Signature,True
./test_imgs/No_Signature/911-259x141.jpg,No_Signature,No_Signature,True
./test_imgs/No_Signature/1075-165x293.jpg,No_Signature,No_Signature,True
./test_imgs/No_Signature/723-270x236.jpg,No_Signature,No_Signature,True
./test_imgs/No_Signature/918-154x222.jpg,No_Signature,No_Signature,True
./test_imgs/No_Signature/876-227x196.jpg,No_Signature,No_Signature,True
./test_imgs/No_Signature/973-258x251.jpg,No_Signature,No_Signature,True
./test_imgs/No_Signature/945-114x145.jpg,No_Signature,No_Signature,True
./test_imgs/No_Signature/862-196x201.jpg,No_Signature,No_Signature,True
./test_imgs/No_Signature/926-282x195.jpg,No_Signature,No_Signature,True
./test_imgs/No_Signature/1049-95x274.jpg,No_Signature,No_Signature,True
./test_imgs/No_Signature/738-178x203.jpg,No_Signature,No_Signature,True
./test_imgs/No_Signature/731-136x101.jpg,No_Signature,No_Signature,True
./test_imgs/No_Signature/548-188x135.jpg,No_Signature,No_Signature,True
./test_imgs/No_Signature/584-207x168.jpg,No_Signature,No_Signature,True
./test_imgs/No_Signature/884-164x237.jpg,No_Signature,No_Signature,True
./test_imgs/No_Signature/898-191x276.jpg,No_Signature,No_Signature,True
./test_imgs/No_Signature/853-295x172.jpg,No_Signature,No_Signature,True
./test_imgs/No_Signature/602-204x274.jpg,No_Signature,No_Signature,True
./test_imgs/No_Signature/1083-196x300.jpg,No_Signature,No_Signature,True
./test_imgs/No_Signature/1070-121x252.jpg,No_Signature,No_Signature,True
./test_imgs/No_Signature/1008-299x158.jpg,No_Signature,No_Signature,True
./test_imgs/No_Signature/822-146x229.jpg,No_Signature,No_Signature,True
./test_imgs/No_Signature/954-178x123.jpg,No_Signature,No_Signature,True
./test_imgs/No_Signature/695-273x189.jpg,No_Signature,No_Signature,True
./test_imgs/No_Signature/884-200x222.jpg,No_Signature,No_Signature,True
./test_imgs/No_Signature/972-158x264.jpg,No_Signature,No_Signature,True
./test_imgs/No_Signature/653-182x203.jpg,No_Signature,No_Signature,True
./test_imgs/No_Signature/872-212x146.jpg,No_Signature,No_Signature,True
./test_imgs/No_Signature/736-116x148.jpg,No_Signature,No_Signature,True
./test_imgs/No_Signature/645-289x210.jpg,No_Signature,No_Signature,True
./test_imgs/No_Signature/701-123x135.jpg,No_Signature,No_Signature,True
./test_imgs/No_Signature/609-236x92.jpg,No_Signature,No_Signature,True
./test_imgs/No_Signature/612-293x112.jpg,No_Signature,No_Signature,True
./test_imgs/No_Signature/858-132x182.jpg,No_Signature,No_Signature,True
./test_imgs/No_Signature/648-192x127.jpg,No_Signature,No_Signature,True
./test_imgs/No_Signature/822-272x229.jpg,No_Signature,No_Signature,True
./test_imgs/No_Signature/736-155x250.jpg,No_Signature,No_Signature,True
./test_imgs/No_Signature/585-204x139.jpg,No_Signature,No_Signature,True
./test_imgs/No_Signature/959-180x156.jpg,No_Signature,No_Signature,True
./test_imgs/No_Signature/573-112x192.jpg,No_Signature,No_Signature,True
./test_imgs/No_Signature/599-123x205.jpg,No_Signature,No_Signature,True
./test_imgs/No_Signature/551-287x156.jpg,No_Signature,No_Signature,True
./test_imgs/No_Signature/610-160x121.jpg,No_Signature,No_Signature,True
./test_imgs/No_Signature/581-172x169.jpg,No_Signature,No_Signature,True
./test_imgs/No_Signature/571-247x206.jpg,No_Signature,No_Signature,True
./test_imgs/No_Signature/626-132x211.jpg,No_Signature,No_Signature,True
./test_imgs/No_Signature/618-256x234.jpg,No_Signature,No_Signature,True
./test_imgs/No_Signature/797-274x206.jpg,No_Signature,No_Signature,True
./test_imgs/No_Signature/617-163x95.jpg,No_Signature,No_Signature,True
./test_imgs/No_Signature/809-157x224.jpg,No_Signature,No_Signature,True
./test_imgs/No_Signature/717-212x270.jpg,No_Signature,No_Signature,True
./test_imgs/No_Signature/558-144x204.jpg,No_Signature,No_Signature,True
./test_imgs/No_Signature/774-215x294.jpg,No_Signature,No_Signature,True
./test_imgs/No_Signature/715-86x234.jpg,No_Signature,No_Signature,True
./test_imgs/No_Signature/1072-269x164.jpg,No_Signature,No_Signature,True
./test_imgs/No_Signature/581-164x298.jpg,No_Signature,Signature,False
./test_imgs/No_Signature/821-129x229.jpg,No_Signature,No_Signature,True
./test_imgs/No_Signature/955-229x299.jpg,No_Signature,No_Signature,True
./test_imgs/No_Signature/722-138x130.jpg,No_Signature,No_Signature,True
./test_imgs/No_Signature/631-182x127.jpg,No_Signature,No_Signature,True
./test_imgs/No_Signature/958-206x207.jpg,No_Signature,No_Signature,True
./test_imgs/No_Signature/925-157x101.jpg,No_Signature,No_Signature,True
./test_imgs/No_Signature/990-172x285.jpg,No_Signature,No_Signature,True
./test_imgs/No_Signature/565-223x203.jpg,No_Signature,No_Signature,True
./test_imgs/No_Signature/784-167x252.jpg,No_Signature,No_Signature,True
./test_imgs/No_Signature/1031-271x299.jpg,No_Signature,No_Signature,True
./test_imgs/No_Signature/650-235x248.jpg,No_Signature,No_Signature,True
./test_imgs/No_Signature/625-217x230.jpg,No_Signature,No_Signature,True
./test_imgs/No_Signature/861-167x189.jpg,No_Signature,No_Signature,True
./test_imgs/No_Signature/583-121x216.jpg,No_Signature,No_Signature,True
./test_imgs/No_Signature/684-299x230.jpg,No_Signature,No_Signature,True
./test_imgs/No_Signature/594-218x81.jpg,No_Signature,No_Signature,True
./test_imgs/No_Signature/988-180x142.jpg,No_Signature,No_Signature,True
./test_imgs/No_Signature/915-221x250.jpg,No_Signature,No_Signature,True
./test_imgs/No_Signature/905-195x181.jpg,No_Signature,No_Signature,True
./test_imgs/No_Signature/590-194x172.jpg,No_Signature,No_Signature,True
./test_imgs/No_Signature/1037-94x121.jpg,No_Signature,No_Signature,True
./test_imgs/No_Signature/998-136x118.jpg,No_Signature,No_Signature,True
./test_imgs/No_Signature/813-289x192.jpg,No_Signature,No_Signature,True
./test_imgs/No_Signature/579-90x139.jpg,No_Signature,No_Signature,True
./test_imgs/No_Signature/930-298x84.jpg,No_Signature,No_Signature,True
./test_imgs/No_Signature/657-88x266.jpg,No_Signature,No_Signature,True
./test_imgs/No_Signature/635-244x166.jpg,No_Signature,No_Signature,True
./test_imgs/No_Signature/685-224x273.jpg,No_Signature,No_Signature,True
./test_imgs/No_Signature/955-204x153.jpg,No_Signature,No_Signature,True
./test_imgs/No_Signature/741-109x144.jpg,No_Signature,No_Signature,True
./test_imgs/No_Signature/1045-299x233.jpg,No_Signature,No_Signature,True
./test_imgs/No_Signature/766-225x90.jpg,No_Signature,No_Signature,True
./test_imgs/No_Signature/778-144x143.jpg,No_Signature,No_Signature,True
./test_imgs/No_Signature/727-188x91.jpg,No_Signature,No_Signature,True
./test_imgs/No_Signature/791-124x83.jpg,No_Signature,No_Signature,True
./test_imgs/No_Signature/779-240x238.jpg,No_Signature,No_Signature,True
./test_imgs/No_Signature/938-160x300.jpg,No_Signature,No_Signature,True
./test_imgs/No_Signature/780-134x280.jpg,No_Signature,No_Signature,True
./test_imgs/No_Signature/871-240x84.jpg,No_Signature,No_Signature,True
./test_imgs/No_Signature/930-166x146.jpg,No_Signature,No_Signature,True
./test_imgs/No_Signature/870-240x282.jpg,No_Signature,No_Signature,True
./test_imgs/No_Signature/846-276x154.jpg,No_Signature,No_Signature,True
./test_imgs/No_Signature/865-245x115.jpg,No_Signature,No_Signature,True
./test_imgs/No_Signature/788-240x295.jpg,No_Signature,No_Signature,True
./test_imgs/No_Signature/941-104x237.jpg,No_Signature,No_Signature,True
./test_imgs/No_Signature/681-294x118.jpg,No_Signature,No_Signature,True
./test_imgs/No_Signature/782-288x216.jpg,No_Signature,No_Signature,True
./test_imgs/No_Signature/887-222x266.jpg,No_Signature,No_Signature,True
./test_imgs/No_Signature/613-107x97.jpg,No_Signature,No_Signature,True
./test_imgs/No_Signature/1013-122x297.jpg,No_Signature,No_Signature,True
./test_imgs/No_Signature/983-288x154.jpg,No_Signature,No_Signature,True
./test_imgs/No_Signature/1000-223x89.jpg,No_Signature,No_Signature,True
./test_imgs/No_Signature/965-81x176.jpg,No_Signature,No_Signature,True
./test_imgs/No_Signature/944-114x271.jpg,No_Signature,No_Signature,True
./test_imgs/No_Signature/554-187x117.jpg,No_Signature,No_Signature,True
./test_imgs/No_Signature/848-137x233.jpg,No_Signature,No_Signature,True
./test_imgs/No_Signature/591-91x252.jpg,No_Signature,No_Signature,True
./test_imgs/No_Signature/999-251x239.jpg,No_Signature,No_Signature,True
./test_imgs/No_Signature/1069-157x286.jpg,No_Signature,Signature,False
./test_imgs/No_Signature/551-155x269.jpg,No_Signature,No_Signature,True
./test_imgs/No_Signature/1025-95x190.jpg,No_Signature,No_Signature,True
./test_imgs/No_Signature/858-88x170.jpg,No_Signature,No_Signature,True
./test_imgs/No_Signature/976-86x118.jpg,No_Signature,No_Signature,True
./test_imgs/No_Signature/605-150x215.jpg,No_Signature,No_Signature,True
./test_imgs/No_Signature/661-166x125.jpg,No_Signature,No_Signature,True
./test_imgs/No_Signature/1042-102x139.jpg,No_Signature,No_Signature,True
./test_imgs/No_Signature/729-237x203.jpg,No_Signature,No_Signature,True
./test_imgs/No_Signature/573-265x84.jpg,No_Signature,No_Signature,True
./test_imgs/No_Signature/859-212x137.jpg,No_Signature,No_Signature,True
./test_imgs/No_Signature/739-87x298.jpg,No_Signature,No_Signature,True
./test_imgs/No_Signature/1080-112x179.jpg,No_Signature,No_Signature,True
./test_imgs/No_Signature/901-107x170.jpg,No_Signature,No_Signature,True
./test_imgs/No_Signature/978-104x292.jpg,No_Signature,No_Signature,True
./test_imgs/No_Signature/733-229x128.jpg,No_Signature,No_Signature,True
./test_imgs/No_Signature/569-213x178.jpg,No_Signature,No_Signature,True
./test_imgs/No_Signature/563-187x77.jpg,No_Signature,No_Signature,True
./test_imgs/No_Signature/648-286x264.jpg,No_Signature,No_Signature,True
./test_imgs/No_Signature/1012-300x209.jpg,No_Signature,No_Signature,True
./test_imgs/No_Signature/1050-242x273.jpg,No_Signature,No_Signature,True
./test_imgs/No_Signature/846-155x203.jpg,No_Signature,No_Signature,True
./test_imgs/No_Signature/663-253x118.jpg,No_Signature,No_Signature,True
./test_imgs/No_Signature/938-176x92.jpg,No_Signature,No_Signature,True
./test_imgs/No_Signature/563-293x267.jpg,No_Signature,No_Signature,True
./test_imgs/No_Signature/805-238x127.jpg,No_Signature,No_Signature,True
./test_imgs/No_Signature/757-278x94.jpg,No_Signature,No_Signature,True
./test_imgs/No_Signature/978-199x276.jpg,No_Signature,No_Signature,True
./test_imgs/No_Signature/944-147x296.jpg,No_Signature,No_Signature,True
./test_imgs/No_Signature/1059-299x183.jpg,No_Signature,No_Signature,True
./test_imgs/No_Signature/1065-150x77.jpg,No_Signature,No_Signature,True
./test_imgs/No_Signature/1072-155x139.jpg,No_Signature,No_Signature,True
./test_imgs/No_Signature/894-135x223.jpg,No_Signature,No_Signature,True
./test_imgs/No_Signature/908-213x111.jpg,No_Signature,No_Signature,True
./test_imgs/No_Signature/1028-113x82.jpg,No_Signature,No_Signature,True
./test_imgs/No_Signature/994-80x162.jpg,No_Signature,No_Signature,True
./test_imgs/No_Signature/885-251x290.jpg,No_Signature,No_Signature,True
./test_imgs/No_Signature/764-182x98.jpg,No_Signature,No_Signature,True
./test_imgs/No_Signature/1011-164x94.jpg,No_Signature,No_Signature,True
./test_imgs/No_Signature/1072-191x219.jpg,No_Signature,No_Signature,True
./test_imgs/No_Signature/1000-286x210.jpg,No_Signature,No_Signature,True
./test_imgs/No_Signature/965-230x200.jpg,No_Signature,No_Signature,True
./test_imgs/No_Signature/643-158x275.jpg,No_Signature,No_Signature,True
./test_imgs/No_Signature/1075-257x200.jpg,No_Signature,No_Signature,True
./test_imgs/No_Signature/952-262x120.jpg,No_Signature,No_Signature,True
./test_imgs/No_Signature/683-254x118.jpg,No_Signature,Signature,False
./test_imgs/No_Signature/927-271x117.jpg,No_Signature,No_Signature,True
./test_imgs/No_Signature/799-209x291.jpg,No_Signature,No_Signature,True
./test_imgs/No_Signature/1053-87x156.jpg,No_Signature,No_Signature,True
./test_imgs/No_Signature/878-232x300.jpg,No_Signature,No_Signature,True
./test_imgs/No_Signature/881-114x111.jpg,No_Signature,No_Signature,True
./test_imgs/No_Signature/548-106x113.jpg,No_Signature,No_Signature,True
./test_imgs/No_Signature/1031-119x156.jpg,No_Signature,No_Signature,True
./test_imgs/No_Signature/679-277x194.jpg,No_Signature,No_Signature,True
./test_imgs/No_Signature/863-87x107.jpg,No_Signature,No_Signature,True
./test_imgs/No_Signature/1081-295x158.jpg,No_Signature,No_Signature,True
./test_imgs/No_Signature/1002-261x157.jpg,No_Signature,No_Signature,True
./test_imgs/No_Signature/603-77x109.jpg,No_Signature,No_Signature,True
./test_imgs/No_Signature/609-148x78.jpg,No_Signature,No_Signature,True
./test_imgs/No_Signature/737-88x263.jpg,No_Signature,No_Signature,True
./test_imgs/No_Signature/974-201x268.jpg,No_Signature,No_Signature,True
./test_imgs/No_Signature/928-234x274.jpg,No_Signature,No_Signature,True
./test_imgs/No_Signature/950-255x85.jpg,No_Signature,No_Signature,True
./test_imgs/No_Signature/992-83x137.jpg,No_Signature,No_Signature,True
./test_imgs/No_Signature/834-271x292.jpg,No_Signature,No_Signature,True
./test_imgs/No_Signature/650-287x295.jpg,No_Signature,No_Signature,True
./test_imgs/No_Signature/548-183x266.jpg,No_Signature,No_Signature,True
./test_imgs/No_Signature/954-104x232.jpg,No_Signature,No_Signature,True
./test_imgs/No_Signature/641-261x225.jpg,No_Signature,No_Signature,True
./test_imgs/No_Signature/581-136x92.jpg,No_Signature,No_Signature,True
./test_imgs/No_Signature/600-257x205.jpg,No_Signature,No_Signature,True
./test_imgs/No_Signature/1082-148x113.jpg,No_Signature,No_Signature,True
./test_imgs/No_Signature/583-289x207.jpg,No_Signature,No_Signature,True
./test_imgs/No_Signature/885-76x134.jpg,No_Signature,No_Signature,True
./test_imgs/No_Signature/912-97x223.jpg,No_Signature,No_Signature,True
./test_imgs/No_Signature/677-262x200.jpg,No_Signature,No_Signature,True
./test_imgs/No_Signature/627-227x194.jpg,No_Signature,No_Signature,True
./test_imgs/No_Signature/891-229x196.jpg,No_Signature,No_Signature,True
./test_imgs/No_Signature/742-164x238.jpg,No_Signature,No_Signature,True
./test_imgs/No_Signature/1010-279x205.jpg,No_Signature,No_Signature,True
./test_imgs/No_Signature/991-191x258.jpg,No_Signature,No_Signature,True
./test_imgs/No_Signature/1053-285x125.jpg,No_Signature,No_Signature,True
./test_imgs/No_Signature/672-85x134.jpg,No_Signature,No_Signature,True
./test_imgs/No_Signature/947-298x83.jpg,No_Signature,No_Signature,True
./test_imgs/No_Signature/1084-133x287.jpg,No_Signature,No_Signature,True
./test_imgs/No_Signature/642-288x133.jpg,No_Signature,No_Signature,True
./test_imgs/No_Signature/796-292x289.jpg,No_Signature,No_Signature,True
./test_imgs/No_Signature/573-172x213.jpg,No_Signature,No_Signature,True
./test_imgs/No_Signature/604-98x144.jpg,No_Signature,No_Signature,True
./test_imgs/No_Signature/989-273x137.jpg,No_Signature,No_Signature,True
./test_imgs/No_Signature/555-99x280.jpg,No_Signature,No_Signature,True
./test_imgs/No_Signature/955-87x121.jpg,No_Signature,No_Signature,True
./test_imgs/No_Signature/1079-246x227.jpg,No_Signature,No_Signature,True
./test_imgs/No_Signature/873-168x131.jpg,No_Signature,No_Signature,True
./test_imgs/No_Signature/1012-104x242.jpg,No_Signature,No_Signature,True
./test_imgs/No_Signature/970-182x171.jpg,No_Signature,No_Signature,True
./test_imgs/No_Signature/591-145x139.jpg,No_Signature,No_Signature,True
./test_imgs/No_Signature/861-107x103.jpg,No_Signature,No_Signature,True
./test_imgs/No_Signature/789-131x268.jpg,No_Signature,No_Signature,True
./test_imgs/No_Signature/844-115x255.jpg,No_Signature,No_Signature,True
./test_imgs/No_Signature/590-204x160.jpg,No_Signature,No_Signature,True
./test_imgs/No_Signature/574-155x216.jpg,No_Signature,No_Signature,True
./test_imgs/No_Signature/992-225x180.jpg,No_Signature,No_Signature,True
./test_imgs/No_Signature/1078-131x139.jpg,No_Signature,No_Signature,True
